1,7 LEGUAS BLANCO ,TEQUILA
2,1800 A벤JO,TEQUILA
3,CENTENARIO PLATA ,TEQUILA
4,CENTENARIO REPOSADO,TEQUILA
5,TRADICIONAL REPOSADO,TEQUILA
6,TRADICIONAL PLATA,TEQUILA
7,DON JULIO 70,TEQUILA
8,HERRADURA ANTIGUO REPOSADO,TEQUILA
9,HERADURA BLANCO,TEQUILA
10,HERADURA BLANCO,TEQUILA
11,HERRADURA REPOSADO,TEQUILA
12,DOBEL DIAMANTE ,TEQUILA
13,400 CONEJOS JOVEN,MEZCAL
14,JURAME JOVEN,MEZCAL
15,LAGUNA SECA BLANCO,MEZCAL
16,MONTELOBOS ESPADIN,MEZCAL
17,UNION UNO,MEZCAL
18,CUCO SALMIANA,
19,CUCO ABOCADO,
20,BUCHANANS 12,WHISKY BLEND
21,CHIVAS 12 ,WHISKY BLEND
22,J&B,WHISKY BLEND
23,JOHNNIE WALKER RED LABEL,WHISKY BLEND
24,JOHNNIE WALKER BLACK LABEL,WHISKY BLEND
25,GLENFIDDICH 12 ,WHISKY SINGLE MALT 
26,JACK DANIELS,WHISKY SINGLE MALT 
27,BOURBON WILD TURKEY RYE,WHISKY SINGLE MALT 
28,JIM BEAM WHITE,WHISKY SINGLE MALT 
29,JOHN JAMESON,WHISKY IRLANDES
30,BACARDI BLANCO,RON
31,BACARDI BLANCO,RON
32,CAPTAIN MORGAN SPICY,RON
33,FLOR DE CA베 4 EXTRA DRY,RON
34,HAVANA A벤JO ESPECIAL ,RON
35,HAVANA CLUB 7,RON
36,MATUSALEM CLASICO,RON
37,MATUSALEM PLATINO ,RON
38,POTOSI A벤JO,RON
39,POTOSI BLANCO ,RON
40,POTOSI EXTRA A벤JO,RON
41,ZACAPA 23,RON
42,BEEFEATER,GIN
43,BOMBAY SAPHIRE,
44,GIBSONS,
45,HENDRICKS,
46,TANQUERAY,
47,ABSOLUT AZUL,VODKA
48,ERISTOFF,
49,SMIRNOFF,
50,SMIRNOFF TAMARINDO,
51,STOLICHNAYA ,
52,TORRES 10,
53,TORRES 15,
54,TERRY CENTENARIO ,
55,HENNESSY V.S.,COGNAC
56,AMARO AVERNA,
57,APEROL,
58,CAMPARI,APERITIVOS
59,CARPANO CLASICO ROSSO,
60,CARPANO DRY BLANCO ,
61,CHARTREUSE AMARILLO,
62,CHAMBORD,
63,FERNET BRANCA,
64,LILLET BLANC ,
65,MARTINI BIANCO DULCE ,
66,PUNT E MES ,
67,ANGOSTURA AROMATICO,BITTER
68,ANGOSTURA COCOA,BITTER
69,ANGOSTURA ORANGE,BITTER
70,AMARETTO DI SARONNO,DIGESTIVOS
71,ANCHO REYES ROJO,
72,BAILEYS,
73,CHINCHON DULCE ,
74,CHINCHON SECO,
75,FLAMINGO DE CEREZA ,
76,FLAMINGO CACAO OSCURA,
77,FLAMINGO CACAO BLANCA,
78,FLAMINGO FRESA,
79,GIFFARD VIOLET,
80,KAHLUA,
81,LICOR 43,
82,MARRASCHINO PALLINI,
83,SAMBUCA VACCARI NERO,
84,ST. GERMAIN,
85,STREGA,
86,JEREZ TIO PEPE,
87,V.E. CINZANO PRO SPRITZ,
88,V.R. GROUND HILL ROSE WHITE SINFANDEL,
89,VINO TINTO CALIFORNIA,
